mean1,mean2,mean3,std1,std2,std3,label
9.006607859496623902e+00,-3.971126883870046420e-02,-9.002399932145763728e+00,1.099372383639593309e+01,4.578395802885677074e-02,1.099032372838099647e+01,0.000000000000000000e+00
1.291439770185245806e+00,2.043218919478073659e-01,-1.292986982357462455e+00,1.453619189405878365e-01,2.894826597102056337e-02,1.442960513427092584e-01,1.000000000000000000e+00
9.851645399484780796e+00,1.521715733548994753e-01,-9.843654902249316052e+00,1.014885312920668703e+01,2.080401449657847956e-01,1.014473989342954141e+01,2.000000000000000000e+00
9.006607859496623902e+00,-3.971126883870046420e-02,-9.002399932145763728e+00,1.099372383639593309e+01,4.578395802885677074e-02,1.099032372838099647e+01,0.000000000000000000e+00
1.291439770185245806e+00,2.043218919478073659e-01,-1.292986982357462455e+00,1.453619189405878365e-01,2.894826597102056337e-02,1.442960513427092584e-01,1.000000000000000000e+00
9.851645399484780796e+00,1.521715733548994753e-01,-9.843654902249316052e+00,1.014885312920668703e+01,2.080401449657847956e-01,1.014473989342954141e+01,2.000000000000000000e+00
